motif_ID	motif_ALT_ID	motif_P-value	seq_ID	seq_Score	seq_Class	is_holdout?
1-ATTGTG	STREME-1	2.1e-002	chr19:30420029-30419930	10.39	tp	0
1-ATTGTG	STREME-1	2.1e-002	chr13:94706832-94706733	10.39	tp	0
1-ATTGTG	STREME-1	2.1e-002	chr7:73683108-73683009	10.39	tp	0
1-ATTGTG	STREME-1	2.1e-002	chr16:57131559-57131460	10.39	tp	0
1-ATTGTG	STREME-1	2.1e-002	chr12:49974538-49974439	10.39	tp	0
1-ATTGTG	STREME-1	2.1e-002	chr1:19251481-19251382	10.39	tp	0
1-ATTGTG	STREME-1	2.1e-002	chr2:28539142-28539043	10.39	tp	0
1-ATTGTG	STREME-1	2.1e-002	chr1:19251481-19251382	10.39	tp	0
1-ATTGTG	STREME-1	2.1e-002	chr1:19251481-19251382	10.39	tp	0
1-ATTGTG	STREME-1	2.1e-002	chr7:73683108-73683009	10.39	tp	0
1-ATTGTG	STREME-1	2.1e-002	chr7:73683108-73683009	10.39	tp	0
1-ATTGTG	STREME-1	2.1e-002	chr19:30420024-30419925	10.39	tp	0
1-ATTGTG	STREME-1	2.1e-002	chr1:19251481-19251382	10.39	tp	0
1-ATTGTG	STREME-1	2.1e-002	chr11:72750330-72750231	10.39	tp	0
1-ATTGTG	STREME-1	2.1e-002	chr19:30419997-30419898	10.39	tp	0
1-ATTGTG	STREME-1	2.1e-002	chr12:49974538-49974439	10.39	tp	0
1-ATTGTG	STREME-1	2.1e-002	chr7:73683113-73683014	10.39	tp	0
1-ATTGTG	STREME-1	2.1e-002	chr7:73683108-73683009	10.39	tp	0
1-ATTGTG	STREME-1	2.1e-002	chr1:19251499-19251400	10.39	tp	0
1-ATTGTG	STREME-1	2.1e-002	chr2:28751382-28751283	10.39	fp	0
1-ATTGTG	STREME-1	2.1e-002	chr1:43358531-43358432	10.39	fp	0
1-ATTGTG	STREME-1	2.1e-002	chr17:73770899-73770800	10.39	fp	0
1-ATTGTG	STREME-1	2.1e-002	chr6:4397649-4397550	10.39	fp	0
1-ATTGTG	STREME-1	2.1e-002	chr7:73683108-73683009	10.39	fp	0
1-ATTGTG	STREME-1	2.1e-002	chr12:49974538-49974439	10.39	fp	0
1-ATTGTG	STREME-1	2.1e-002	chr7:73683108-73683009	10.39	tp	1
1-ATTGTG	STREME-1	2.1e-002	chr12:49974535-49974436	10.39	tp	1
1-ATTGTG	STREME-1	2.1e-002	chr17:45942223-45942124	8.16	tp	0
1-ATTGTG	STREME-1	2.1e-002	chr17:45942222-45942123	8.16	tp	0
1-ATTGTG	STREME-1	2.1e-002	chr6:37658311-37658212	8.16	tp	0
1-ATTGTG	STREME-1	2.1e-002	chr17:45942222-45942123	8.16	fp	0
1-ATTGTG	STREME-1	2.1e-002	chr19:6241533-6241434	7.52	tp	0
1-ATTGTG	STREME-1	2.1e-002	chr19:6241562-6241463	7.52	tp	0
1-ATTGTG	STREME-1	2.1e-002	chr19:6241551-6241452	7.52	tp	0
1-ATTGTG	STREME-1	2.1e-002	chr19:6241538-6241439	7.52	tp	0
1-ATTGTG	STREME-1	2.1e-002	chr19:6241533-6241434	7.52	tp	0
1-ATTGTG	STREME-1	2.1e-002	chr19:6241574-6241475	7.52	tp	1
1-ATTGTG	STREME-1	2.1e-002	chr17:73770899-73770800	6.44	tp	0
1-ATTGTG	STREME-1	2.1e-002	chr17:73770919-73770820	6.44	tp	0
1-ATTGTG	STREME-1	2.1e-002	chr17:73770930-73770831	6.44	tp	0
1-ATTGTG	STREME-1	2.1e-002	chr17:73770899-73770800	6.44	tp	0
1-ATTGTG	STREME-1	2.1e-002	chr1:43358475-43358376	6.44	tp	0
1-ATTGTG	STREME-1	2.1e-002	chr17:75507076-75506977	6.44	tp	0
1-ATTGTG	STREME-1	2.1e-002	chr8:25197288-25197189	6.44	fp	0
1-ATTGTG	STREME-1	2.1e-002	chr16:57131668-57131569	6.44	fp	0
1-ATTGTG	STREME-1	2.1e-002	chr6:32853679-32853580	6.27	tp	0
1-ATTGTG	STREME-1	2.1e-002	chr6:32969262-32969163	6.27	tp	0
1-ATTGTG	STREME-1	2.1e-002	chr11:47642146-47642047	6.27	tp	0
1-ATTGTG	STREME-1	2.1e-002	chr6:32853687-32853588	6.27	tp	0
1-ATTGTG	STREME-1	2.1e-002	chr11:47642153-47642054	6.27	tp	0
1-ATTGTG	STREME-1	2.1e-002	chr6:32853679-32853580	6.27	tp	0
1-ATTGTG	STREME-1	2.1e-002	chr11:47642165-47642066	6.27	tp	0
1-ATTGTG	STREME-1	2.1e-002	chr17:4940578-4940479	6.27	fp	0
1-ATTGTG	STREME-1	2.1e-002	chr16:72788246-72788147	6.27	fp	0
1-ATTGTG	STREME-1	2.1e-002	chr6:32853679-32853580	6.27	fp	0
1-ATTGTG	STREME-1	2.1e-002	chr12:49974535-49974436	6.27	fp	0
1-ATTGTG	STREME-1	2.1e-002	chr6:32853679-32853580	6.27	tp	1
1-ATTGTG	STREME-1	2.1e-002	chr11:47642117-47642018	6.27	tp	1
#
2-CAGATGS	STREME-2	2.5e-002	chr8:123042450-123042351	11.52	tp	0
2-CAGATGS	STREME-2	2.5e-002	chr8:123042433-123042334	11.52	tp	0
2-CAGATGS	STREME-2	2.5e-002	chr8:123042464-123042365	11.52	tp	0
2-CAGATGS	STREME-2	2.5e-002	chr8:123042427-123042328	11.52	tp	0
2-CAGATGS	STREME-2	2.5e-002	chr1:19251481-19251382	11.35	tp	0
2-CAGATGS	STREME-2	2.5e-002	chr1:19251481-19251382	11.35	tp	0
2-CAGATGS	STREME-2	2.5e-002	chr1:19251481-19251382	11.35	tp	0
2-CAGATGS	STREME-2	2.5e-002	chr1:19251481-19251382	11.35	tp	0
2-CAGATGS	STREME-2	2.5e-002	chr6:37658311-37658212	11.35	tp	0
2-CAGATGS	STREME-2	2.5e-002	chr1:19251499-19251400	11.35	tp	0
2-CAGATGS	STREME-2	2.5e-002	chr4:48779665-48779566	11.22	tp	0
2-CAGATGS	STREME-2	2.5e-002	chr12:110183647-110183548	11.22	tp	0
2-CAGATGS	STREME-2	2.5e-002	chr12:12813082-12812983	11.22	tp	0
2-CAGATGS	STREME-2	2.5e-002	chr12:12813057-12812958	11.22	tp	0
2-CAGATGS	STREME-2	2.5e-002	chr6:112880241-112880142	11.22	tp	0
2-CAGATGS	STREME-2	2.5e-002	chr12:110183644-110183545	11.22	tp	0
2-CAGATGS	STREME-2	2.5e-002	chr4:48779665-48779566	11.22	tp	0
2-CAGATGS	STREME-2	2.5e-002	chr6:112880241-112880142	11.22	fp	0
2-CAGATGS	STREME-2	2.5e-002	chr17:81419970-81419871	11.22	fp	0
2-CAGATGS	STREME-2	2.5e-002	chr1:19251481-19251382	11.22	fp	0
2-CAGATGS	STREME-2	2.5e-002	chr1:43358475-43358376	11.22	fp	0
2-CAGATGS	STREME-2	2.5e-002	chr12:12813137-12813038	11.22	fp	0
2-CAGATGS	STREME-2	2.5e-002	chr12:12813088-12812989	11.22	tp	1
2-CAGATGS	STREME-2	2.5e-002	chr12:109606577-109606478	10.74	tp	0
2-CAGATGS	STREME-2	2.5e-002	chr12:109606577-109606478	10.74	tp	0
2-CAGATGS	STREME-2	2.5e-002	chr12:109606577-109606478	10.74	tp	0
2-CAGATGS	STREME-2	2.5e-002	chr12:109606577-109606478	10.74	tp	0
2-CAGATGS	STREME-2	2.5e-002	chr12:109606577-109606478	10.74	tp	0
2-CAGATGS	STREME-2	2.5e-002	chr12:109606577-109606478	10.74	tp	1
2-CAGATGS	STREME-2	2.5e-002	chr8:91867327-91867228	10.53	tp	0
2-CAGATGS	STREME-2	2.5e-002	chr6:32853679-32853580	10.53	tp	0
2-CAGATGS	STREME-2	2.5e-002	chr8:3469623-3469524	10.53	tp	0
2-CAGATGS	STREME-2	2.5e-002	chr6:32853687-32853588	10.53	tp	0
2-CAGATGS	STREME-2	2.5e-002	chr8:3469623-3469524	10.53	tp	0
2-CAGATGS	STREME-2	2.5e-002	chr6:32853679-32853580	10.53	tp	0
2-CAGATGS	STREME-2	2.5e-002	chr8:3469620-3469521	10.53	tp	0
2-CAGATGS	STREME-2	2.5e-002	chr16:66604737-66604638	10.53	tp	0
2-CAGATGS	STREME-2	2.5e-002	chr8:11902278-11902179	10.53	fp	0
2-CAGATGS	STREME-2	2.5e-002	chr6:32853679-32853580	10.53	tp	1
2-CAGATGS	STREME-2	2.5e-002	chr8:3469623-3469524	10.53	fp	1
2-CAGATGS	STREME-2	2.5e-002	chr17:73770899-73770800	10.36	tp	0
2-CAGATGS	STREME-2	2.5e-002	chr4:107979660-107979561	10.36	tp	0
2-CAGATGS	STREME-2	2.5e-002	chr8:3469515-3469416	10.36	tp	0
2-CAGATGS	STREME-2	2.5e-002	chr17:73770919-73770820	10.36	tp	0
2-CAGATGS	STREME-2	2.5e-002	chr12:49974538-49974439	10.36	tp	0
2-CAGATGS	STREME-2	2.5e-002	chr4:107979668-107979569	10.36	tp	0
2-CAGATGS	STREME-2	2.5e-002	chr17:73770930-73770831	10.36	tp	0
2-CAGATGS	STREME-2	2.5e-002	chr8:3469517-3469418	10.36	tp	0
2-CAGATGS	STREME-2	2.5e-002	chr17:73770899-73770800	10.36	tp	0
2-CAGATGS	STREME-2	2.5e-002	chr4:107979695-107979596	10.36	tp	0
2-CAGATGS	STREME-2	2.5e-002	chr12:49974538-49974439	10.36	tp	0
2-CAGATGS	STREME-2	2.5e-002	chr2:28751392-28751293	10.36	fp	0
2-CAGATGS	STREME-2	2.5e-002	chr12:49974535-49974436	10.36	tp	1
2-CAGATGS	STREME-2	2.5e-002	chr12:106178084-106177985	10.36	fp	1
2-CAGATGS	STREME-2	2.5e-002	chr11:47642082-47641983	9.77	tp	0
2-CAGATGS	STREME-2	2.5e-002	chr6:32969262-32969163	9.77	tp	0
2-CAGATGS	STREME-2	2.5e-002	chr12:106178084-106177985	9.77	tp	0
2-CAGATGS	STREME-2	2.5e-002	chr11:47642117-47642018	9.77	tp	1
2-CAGATGS	STREME-2	2.5e-002	chr8:11902251-11902152	9.67	tp	0
2-CAGATGS	STREME-2	2.5e-002	chr8:11902278-11902179	9.67	tp	1
2-CAGATGS	STREME-2	2.5e-002	chr8:69832470-69832371	8.99	tp	0
2-CAGATGS	STREME-2	2.5e-002	chr19:6241496-6241397	8.99	fp	0
2-CAGATGS	STREME-2	2.5e-002	chr16:57131663-57131564	8.88	tp	0
2-CAGATGS	STREME-2	2.5e-002	chr16:57131647-57131548	8.88	tp	0
2-CAGATGS	STREME-2	2.5e-002	chr2:28539142-28539043	8.88	tp	0
2-CAGATGS	STREME-2	2.5e-002	chr16:57131668-57131569	8.88	tp	0
2-CAGATGS	STREME-2	2.5e-002	chr16:57131662-57131563	8.88	tp	0
2-CAGATGS	STREME-2	2.5e-002	chr2:28539111-28539012	8.88	tp	0
2-CAGATGS	STREME-2	2.5e-002	chr2:28751400-28751301	8.88	fp	0
2-CAGATGS	STREME-2	2.5e-002	chr2:28539111-28539012	8.88	fp	0
2-CAGATGS	STREME-2	2.5e-002	chr8:123042450-123042351	8.73	fp	0
2-CAGATGS	STREME-2	2.5e-002	chr19:6241574-6241475	8.73	tp	1
2-CAGATGS	STREME-2	2.5e-002	chr12:12813137-12813038	8.43	tp	0
2-CAGATGS	STREME-2	2.5e-002	chr12:12813138-12813039	8.43	tp	0
2-CAGATGS	STREME-2	2.5e-002	chr3:30199063-30198964	8.43	fp	0
2-CAGATGS	STREME-2	2.5e-002	chr19:30420029-30419930	8.30	tp	0
2-CAGATGS	STREME-2	2.5e-002	chr6:32968937-32968838	8.30	tp	0
2-CAGATGS	STREME-2	2.5e-002	chr6:32968897-32968798	8.30	tp	0
2-CAGATGS	STREME-2	2.5e-002	chr7:73683108-73683009	8.30	tp	0
2-CAGATGS	STREME-2	2.5e-002	chr7:73683108-73683009	8.30	tp	0
2-CAGATGS	STREME-2	2.5e-002	chr7:73683108-73683009	8.30	tp	0
2-CAGATGS	STREME-2	2.5e-002	chr19:30420024-30419925	8.30	tp	0
2-CAGATGS	STREME-2	2.5e-002	chr19:30419997-30419898	8.30	tp	0
2-CAGATGS	STREME-2	2.5e-002	chr6:32968911-32968812	8.30	tp	0
2-CAGATGS	STREME-2	2.5e-002	chr7:73683113-73683014	8.30	tp	0
2-CAGATGS	STREME-2	2.5e-002	chr6:32968947-32968848	8.30	tp	0
2-CAGATGS	STREME-2	2.5e-002	chr7:73683108-73683009	8.30	tp	0
2-CAGATGS	STREME-2	2.5e-002	chr1:43358531-43358432	8.30	tp	0
2-CAGATGS	STREME-2	2.5e-002	chr12:12813088-12812989	8.30	fp	0
2-CAGATGS	STREME-2	2.5e-002	chr8:3469623-3469524	8.30	fp	0
2-CAGATGS	STREME-2	2.5e-002	chr1:43358531-43358432	8.30	fp	0
2-CAGATGS	STREME-2	2.5e-002	chr8:3469517-3469418	8.30	fp	0
2-CAGATGS	STREME-2	2.5e-002	chr12:110183644-110183545	8.30	fp	0
2-CAGATGS	STREME-2	2.5e-002	chr7:73683108-73683009	8.30	tp	1
#
3-CGGGAGGCS	STREME-3	5.0e-002	chr19:6241533-6241434	17.39	tp	0
3-CGGGAGGCS	STREME-3	5.0e-002	chr19:6241562-6241463	17.39	tp	0
3-CGGGAGGCS	STREME-3	5.0e-002	chr19:6241551-6241452	17.39	tp	0
3-CGGGAGGCS	STREME-3	5.0e-002	chr19:6241538-6241439	17.39	tp	0
3-CGGGAGGCS	STREME-3	5.0e-002	chr19:6241533-6241434	17.39	tp	0
3-CGGGAGGCS	STREME-3	5.0e-002	chr19:6241574-6241475	17.39	tp	1
3-CGGGAGGCS	STREME-3	5.0e-002	chr16:66604737-66604638	14.70	tp	0
3-CGGGAGGCS	STREME-3	5.0e-002	chr13:94706900-94706801	14.09	tp	0
3-CGGGAGGCS	STREME-3	5.0e-002	chr13:94706862-94706763	14.09	tp	0
3-CGGGAGGCS	STREME-3	5.0e-002	chr8:123042450-123042351	12.40	tp	0
3-CGGGAGGCS	STREME-3	5.0e-002	chr8:123042464-123042365	12.40	tp	0
3-CGGGAGGCS	STREME-3	5.0e-002	chr6:32853679-32853580	11.90	tp	0
3-CGGGAGGCS	STREME-3	5.0e-002	chr6:32853687-32853588	11.90	tp	0
3-CGGGAGGCS	STREME-3	5.0e-002	chr6:32853679-32853580	11.90	tp	0
3-CGGGAGGCS	STREME-3	5.0e-002	chr6:32853679-32853580	11.90	tp	1
3-CGGGAGGCS	STREME-3	5.0e-002	chr8:91867327-91867228	11.82	tp	0
3-CGGGAGGCS	STREME-3	5.0e-002	chr4:136864876-136864777	11.38	fp	0
3-CGGGAGGCS	STREME-3	5.0e-002	chr6:118680903-118680804	11.11	tp	0
3-CGGGAGGCS	STREME-3	5.0e-002	chr12:12813137-12813038	10.45	tp	0
3-CGGGAGGCS	STREME-3	5.0e-002	chr12:12813082-12812983	10.45	tp	0
3-CGGGAGGCS	STREME-3	5.0e-002	chr12:12813126-12813027	10.45	tp	0
3-CGGGAGGCS	STREME-3	5.0e-002	chr12:12813138-12813039	10.45	tp	0
3-CGGGAGGCS	STREME-3	5.0e-002	chr12:12813088-12812989	10.45	tp	1
3-CGGGAGGCS	STREME-3	5.0e-002	chr8:123042427-123042328	10.42	tp	0
3-CGGGAGGCS	STREME-3	5.0e-002	chr8:123042433-123042334	10.27	tp	0
3-CGGGAGGCS	STREME-3	5.0e-002	chr6:112880241-112880142	10.03	tp	0
3-CGGGAGGCS	STREME-3	5.0e-002	chr4:136864876-136864777	9.12	tp	1
3-CGGGAGGCS	STREME-3	5.0e-002	chr17:75507076-75506977	8.85	tp	0
#
4-RCAAGGVAGCW	STREME-4	2.4e-001	chr17:73770919-73770820	16.05	tp	0
4-RCAAGGVAGCW	STREME-4	2.4e-001	chr17:73770930-73770831	16.05	tp	0
4-RCAAGGVAGCW	STREME-4	2.4e-001	chr12:12813137-12813038	15.22	tp	0
4-RCAAGGVAGCW	STREME-4	2.4e-001	chr12:12813082-12812983	15.22	tp	0
4-RCAAGGVAGCW	STREME-4	2.4e-001	chr12:12813126-12813027	15.22	tp	0
4-RCAAGGVAGCW	STREME-4	2.4e-001	chr12:12813138-12813039	15.22	tp	0
4-RCAAGGVAGCW	STREME-4	2.4e-001	chr12:12813088-12812989	15.22	tp	1
4-RCAAGGVAGCW	STREME-4	2.4e-001	chr17:45942247-45942148	14.17	tp	0
4-RCAAGGVAGCW	STREME-4	2.4e-001	chr17:45942251-45942152	14.17	tp	0
4-RCAAGGVAGCW	STREME-4	2.4e-001	chr17:45942249-45942150	14.17	tp	0
4-RCAAGGVAGCW	STREME-4	2.4e-001	chr17:45942287-45942188	14.17	tp	0
4-RCAAGGVAGCW	STREME-4	2.4e-001	chr2:28751355-28751256	13.89	tp	0
4-RCAAGGVAGCW	STREME-4	2.4e-001	chr2:28751382-28751283	13.89	tp	0
4-RCAAGGVAGCW	STREME-4	2.4e-001	chr2:28751400-28751301	13.89	tp	0
4-RCAAGGVAGCW	STREME-4	2.4e-001	chr2:28751392-28751293	13.89	tp	0
4-RCAAGGVAGCW	STREME-4	2.4e-001	chr7:73683108-73683009	13.68	tp	0
4-RCAAGGVAGCW	STREME-4	2.4e-001	chr7:73683108-73683009	13.68	tp	0
4-RCAAGGVAGCW	STREME-4	2.4e-001	chr7:73683108-73683009	13.68	tp	0
4-RCAAGGVAGCW	STREME-4	2.4e-001	chr7:73683113-73683014	13.68	tp	0
4-RCAAGGVAGCW	STREME-4	2.4e-001	chr7:73683108-73683009	13.68	tp	0
4-RCAAGGVAGCW	STREME-4	2.4e-001	chr7:73683108-73683009	13.68	tp	1
4-RCAAGGVAGCW	STREME-4	2.4e-001	chr17:4940528-4940429	12.36	tp	0
4-RCAAGGVAGCW	STREME-4	2.4e-001	chr13:94706832-94706733	11.54	tp	0
4-RCAAGGVAGCW	STREME-4	2.4e-001	chr13:94706862-94706763	11.54	tp	0
4-RCAAGGVAGCW	STREME-4	2.4e-001	chr17:81419970-81419871	10.96	tp	0
4-RCAAGGVAGCW	STREME-4	2.4e-001	chr11:47642082-47641983	9.23	tp	0
4-RCAAGGVAGCW	STREME-4	2.4e-001	chr11:111512739-111512640	8.91	tp	0
4-RCAAGGVAGCW	STREME-4	2.4e-001	chr11:72750330-72750231	8.48	tp	0
4-RCAAGGVAGCW	STREME-4	2.4e-001	chr12:110183647-110183548	8.37	tp	0
4-RCAAGGVAGCW	STREME-4	2.4e-001	chr12:110183590-110183491	8.37	tp	0
4-RCAAGGVAGCW	STREME-4	2.4e-001	chr12:110183644-110183545	8.37	tp	0
#
5-GATTAGC	STREME-5	2.4e-001	chr17:45942247-45942148	13.13	tp	0
5-GATTAGC	STREME-5	2.4e-001	chr17:45942251-45942152	13.13	tp	0
5-GATTAGC	STREME-5	2.4e-001	chr17:45942223-45942124	13.13	tp	0
5-GATTAGC	STREME-5	2.4e-001	chr17:45942222-45942123	13.13	tp	0
5-GATTAGC	STREME-5	2.4e-001	chr6:4397659-4397560	13.13	tp	0
5-GATTAGC	STREME-5	2.4e-001	chr17:45942249-45942150	13.13	tp	0
5-GATTAGC	STREME-5	2.4e-001	chr6:137560680-137560581	13.13	tp	0
5-GATTAGC	STREME-5	2.4e-001	chr17:45942287-45942188	13.13	tp	0
5-GATTAGC	STREME-5	2.4e-001	chr6:4397649-4397550	13.13	tp	0
5-GATTAGC	STREME-5	2.4e-001	chr6:4397625-4397526	13.13	tp	0
5-GATTAGC	STREME-5	2.4e-001	chr19:6241533-6241434	11.44	tp	0
5-GATTAGC	STREME-5	2.4e-001	chr19:6241562-6241463	11.44	tp	0
5-GATTAGC	STREME-5	2.4e-001	chr8:123042450-123042351	11.44	tp	0
5-GATTAGC	STREME-5	2.4e-001	chr8:123042433-123042334	11.44	tp	0
5-GATTAGC	STREME-5	2.4e-001	chr8:25197300-25197201	11.44	tp	0
5-GATTAGC	STREME-5	2.4e-001	chr8:25197288-25197189	11.44	tp	0
5-GATTAGC	STREME-5	2.4e-001	chr8:123042464-123042365	11.44	tp	0
5-GATTAGC	STREME-5	2.4e-001	chr19:6241551-6241452	11.44	tp	0
5-GATTAGC	STREME-5	2.4e-001	chr8:123042427-123042328	11.44	tp	0
5-GATTAGC	STREME-5	2.4e-001	chr19:6241538-6241439	11.44	tp	0
5-GATTAGC	STREME-5	2.4e-001	chr19:6241533-6241434	11.44	tp	0
5-GATTAGC	STREME-5	2.4e-001	chr8:123042433-123042334	11.44	fp	0
5-GATTAGC	STREME-5	2.4e-001	chr19:6241562-6241463	11.44	fp	0
5-GATTAGC	STREME-5	2.4e-001	chr19:6241574-6241475	11.44	tp	1
5-GATTAGC	STREME-5	2.4e-001	chr11:47642082-47641983	10.42	tp	0
5-GATTAGC	STREME-5	2.4e-001	chr11:47642146-47642047	10.42	tp	0
5-GATTAGC	STREME-5	2.4e-001	chr11:47642153-47642054	10.42	tp	0
5-GATTAGC	STREME-5	2.4e-001	chr11:47642165-47642066	10.42	tp	0
5-GATTAGC	STREME-5	2.4e-001	chr11:47642117-47642018	10.42	tp	1
5-GATTAGC	STREME-5	2.4e-001	chr2:142334440-142334341	9.34	tp	0
5-GATTAGC	STREME-5	2.4e-001	chr12:111766759-111766660	9.25	tp	0
5-GATTAGC	STREME-5	2.4e-001	chr12:111766746-111766647	9.25	tp	0
5-GATTAGC	STREME-5	2.4e-001	chr10:100671179-100671080	8.86	tp	0
#
6-TTAATGCA	STREME-6	7.0e-001	chr17:45942247-45942148	14.38	tp	0
6-TTAATGCA	STREME-6	7.0e-001	chr17:45942251-45942152	14.38	tp	0
6-TTAATGCA	STREME-6	7.0e-001	chr17:45942223-45942124	14.38	tp	0
6-TTAATGCA	STREME-6	7.0e-001	chr17:45942222-45942123	14.38	tp	0
6-TTAATGCA	STREME-6	7.0e-001	chr17:45942249-45942150	14.38	tp	0
6-TTAATGCA	STREME-6	7.0e-001	chr6:32969262-32969163	14.38	tp	0
6-TTAATGCA	STREME-6	7.0e-001	chr7:73683108-73683009	12.64	tp	0
6-TTAATGCA	STREME-6	7.0e-001	chr7:73683108-73683009	12.64	tp	0
6-TTAATGCA	STREME-6	7.0e-001	chr7:73683108-73683009	12.64	tp	0
6-TTAATGCA	STREME-6	7.0e-001	chr7:73683108-73683009	12.64	tp	0
6-TTAATGCA	STREME-6	7.0e-001	chr7:73683108-73683009	12.64	tp	1
6-TTAATGCA	STREME-6	7.0e-001	chr6:137560680-137560581	12.64	fp	1
6-TTAATGCA	STREME-6	7.0e-001	chr4:107979660-107979561	11.79	tp	0
6-TTAATGCA	STREME-6	7.0e-001	chr4:107979668-107979569	11.79	tp	0
6-TTAATGCA	STREME-6	7.0e-001	chr4:107979641-107979542	11.79	tp	0
6-TTAATGCA	STREME-6	7.0e-001	chr4:107979695-107979596	11.79	tp	0
6-TTAATGCA	STREME-6	7.0e-001	chr17:45942251-45942152	11.79	fp	1
6-TTAATGCA	STREME-6	7.0e-001	chr3:69542911-69542812	11.69	tp	0
6-TTAATGCA	STREME-6	7.0e-001	chr3:69542917-69542818	11.69	tp	0
6-TTAATGCA	STREME-6	7.0e-001	chr3:69542903-69542804	11.69	tp	0
6-TTAATGCA	STREME-6	7.0e-001	chr6:32853679-32853580	11.16	tp	0
6-TTAATGCA	STREME-6	7.0e-001	chr6:32853687-32853588	11.16	tp	0
6-TTAATGCA	STREME-6	7.0e-001	chr6:32853679-32853580	11.16	tp	0
6-TTAATGCA	STREME-6	7.0e-001	chr17:45942222-45942123	11.16	fp	0
6-TTAATGCA	STREME-6	7.0e-001	chr6:32853679-32853580	11.16	tp	1
6-TTAATGCA	STREME-6	7.0e-001	chr11:72750330-72750231	10.51	tp	0
6-TTAATGCA	STREME-6	7.0e-001	chr19:14777264-14777165	10.27	tp	0
6-TTAATGCA	STREME-6	7.0e-001	chr11:47642082-47641983	10.10	tp	0
6-TTAATGCA	STREME-6	7.0e-001	chr1:7313338-7313239	9.92	tp	0
6-TTAATGCA	STREME-6	7.0e-001	chr16:66604737-66604638	9.89	tp	0
